decision_time,zone,flag,adverse_counterfactual
2026-01-02 00:00:00,ZONE_A,RED,True
2026-01-02 00:15:00,ZONE_A,RED,True
2026-01-02 00:30:00,ZONE_A,RED,True
2026-01-02 00:45:00,ZONE_A,RED,True
2026-01-02 01:00:00,ZONE_A,RED,True
2026-01-02 01:15:00,ZONE_A,RED,True
2026-01-02 01:30:00,ZONE_A,RED,True
2026-01-02 01:45:00,ZONE_A,RED,True
2026-01-02 02:00:00,ZONE_A,RED,True
2026-01-02 02:15:00,ZONE_A,RED,True
2026-01-02 02:30:00,ZONE_A,RED,True
2026-01-02 02:45:00,ZONE_A,RED,True
2026-01-02 03:00:00,ZONE_A,RED,True
2026-01-02 03:15:00,ZONE_A,RED,True
2026-01-02 03:30:00,ZONE_A,RED,True
2026-01-02 03:45:00,ZONE_A,RED,True
2026-01-02 04:00:00,ZONE_A,RED,True
2026-01-02 04:15:00,ZONE_A,RED,True
2026-01-02 04:30:00,ZONE_A,RED,True
2026-01-02 04:45:00,ZONE_A,RED,True
2026-01-02 05:00:00,ZONE_A,RED,True
2026-01-02 05:00:00,ZONE_A,RED,True
2026-01-02 05:15:00,ZONE_A,RED,True
2026-01-02 05:30:00,ZONE_A,RED,True
2026-01-02 05:45:00,ZONE_A,RED,True
2026-01-02 06:00:00,ZONE_A,RED,True
2026-01-02 06:15:00,ZONE_A,RED,True
2026-01-02 06:30:00,ZONE_A,RED,True
2026-01-02 07:00:00,ZONE_A,RED,True
2026-01-02 07:15:00,ZONE_A,RED,True
2026-01-02 07:30:00,ZONE_A,RED,True
2026-01-02 07:45:00,ZONE_A,RED,True
2026-01-02 07:45:00,ZONE_A,RED,True
2026-01-02 08:00:00,ZONE_A,RED,True
2026-01-02 08:15:00,ZONE_A,RED,True
2026-01-02 08:30:00,ZONE_A,RED,True
2026-01-02 08:45:00,ZONE_A,RED,True
2026-01-02 09:00:00,ZONE_A,RED,True
2026-01-02 09:15:00,ZONE_A,RED,True
2026-01-02 09:30:00,ZONE_A,RED,True
2026-01-02 09:30:00,ZONE_A,RED,True
2026-01-02 09:45:00,ZONE_A,RED,True
2026-01-02 10:00:00,ZONE_A,RED,True
2026-01-02 10:00:00,ZONE_A,RED,True
2026-01-02 10:15:00,ZONE_A,RED,True
2026-01-02 10:15:00,ZONE_A,RED,True
2026-01-02 10:30:00,ZONE_A,GREEN,False
2026-01-02 11:00:00,ZONE_A,RED,True
2026-01-02 11:15:00,ZONE_A,GREEN,False
2026-01-02 12:00:00,ZONE_A,RED,True
2026-01-02 12:15:00,ZONE_A,RED,True
2026-01-02 12:30:00,ZONE_A,RED,True
2026-01-02 12:45:00,ZONE_A,RED,True
2026-01-02 13:00:00,ZONE_A,RED,True
2026-01-02 13:15:00,ZONE_A,RED,True
2026-01-02 13:30:00,ZONE_A,RED,True
2026-01-02 13:30:00,ZONE_A,RED,True
2026-01-02 13:45:00,ZONE_A,RED,True
2026-01-02 14:00:00,ZONE_A,RED,True
2026-01-02 14:00:00,ZONE_A,RED,True
2026-01-02 14:15:00,ZONE_A,RED,True
2026-01-02 14:15:00,ZONE_A,RED,True
2026-01-02 14:30:00,ZONE_A,RED,True
2026-01-02 14:30:00,ZONE_A,RED,True
2026-01-02 14:45:00,ZONE_A,RED,True
2026-01-02 15:00:00,ZONE_A,RED,True
2026-01-02 15:15:00,ZONE_A,RED,True
2026-01-02 15:30:00,ZONE_A,RED,True
2026-01-02 15:45:00,ZONE_A,RED,True
2026-01-02 16:00:00,ZONE_A,RED,True
2026-01-02 16:15:00,ZONE_A,RED,True
2026-01-02 16:30:00,ZONE_A,RED,True
2026-01-02 16:45:00,ZONE_A,RED,True
2026-01-02 17:00:00,ZONE_A,RED,True
2026-01-02 17:15:00,ZONE_A,RED,True
2026-01-02 17:30:00,ZONE_A,RED,True
2026-01-02 17:45:00,ZONE_A,RED,True
2026-01-02 18:00:00,ZONE_A,RED,True
2026-01-02 18:00:00,ZONE_A,RED,True
2026-01-02 18:15:00,ZONE_A,RED,True
2026-01-02 19:00:00,ZONE_A,RED,True
2026-01-02 19:15:00,ZONE_A,RED,True
2026-01-02 19:45:00,ZONE_A,RED,True
2026-01-02 20:00:00,ZONE_A,RED,True
2026-01-02 20:15:00,ZONE_A,RED,True
2026-01-02 20:30:00,ZONE_A,RED,True
2026-01-02 20:45:00,ZONE_A,RED,True
2026-01-02 21:15:00,ZONE_A,RED,True
2026-01-02 21:45:00,ZONE_A,RED,True
2026-01-02 22:00:00,ZONE_A,RED,True
2026-01-02 22:15:00,ZONE_A,RED,True
2026-01-02 22:30:00,ZONE_A,RED,True
2026-01-02 22:45:00,ZONE_A,RED,True
2026-01-02 23:00:00,ZONE_A,RED,True
2026-01-02 23:15:00,ZONE_A,RED,True
2026-01-02 23:30:00,ZONE_A,RED,True
2026-01-02 23:45:00,ZONE_A,RED,True
2026-01-03 00:00:00,ZONE_A,RED,True
2026-01-03 00:15:00,ZONE_A,RED,True
2026-01-03 00:30:00,ZONE_A,RED,True
2026-01-03 00:45:00,ZONE_A,RED,True
2026-01-03 01:00:00,ZONE_A,RED,True
2026-01-03 01:15:00,ZONE_A,RED,True
2026-01-03 01:30:00,ZONE_A,RED,True
2026-01-03 01:45:00,ZONE_A,RED,True
2026-01-03 02:00:00,ZONE_A,RED,True
2026-01-03 02:15:00,ZONE_A,RED,True
2026-01-03 02:30:00,ZONE_A,RED,True
2026-01-03 02:45:00,ZONE_A,RED,True
2026-01-03 03:30:00,ZONE_A,RED,True
2026-01-03 03:45:00,ZONE_A,RED,True
2026-01-03 04:00:00,ZONE_A,RED,True
2026-01-03 04:00:00,ZONE_A,RED,True
2026-01-03 04:30:00,ZONE_A,RED,True
2026-01-03 04:45:00,ZONE_A,RED,True
2026-01-03 05:00:00,ZONE_A,RED,True
2026-01-03 05:30:00,ZONE_A,RED,True
2026-01-03 05:45:00,ZONE_A,RED,True
2026-01-03 06:15:00,ZONE_A,RED,True
2026-01-03 06:30:00,ZONE_A,RED,True
2026-01-03 06:45:00,ZONE_A,GREEN,False
2026-01-03 07:00:00,ZONE_A,RED,True
2026-01-03 08:00:00,ZONE_A,RED,True
2026-01-03 08:15:00,ZONE_A,RED,True
2026-01-03 08:30:00,ZONE_A,RED,True
2026-01-03 08:45:00,ZONE_A,RED,True
2026-01-03 09:15:00,ZONE_A,RED,True
2026-01-03 09:30:00,ZONE_A,RED,True
2026-01-03 09:45:00,ZONE_A,GREEN,False
2026-01-03 10:15:00,ZONE_A,RED,True
2026-01-03 10:30:00,ZONE_A,RED,True
2026-01-03 10:45:00,ZONE_A,RED,True
2026-01-03 11:00:00,ZONE_A,RED,True
2026-01-03 11:15:00,ZONE_A,RED,True
2026-01-03 11:15:00,ZONE_A,RED,True
2026-01-03 11:30:00,ZONE_A,RED,True
2026-01-03 11:45:00,ZONE_A,RED,True
2026-01-03 12:00:00,ZONE_A,RED,True
2026-01-03 12:15:00,ZONE_A,RED,True
2026-01-03 12:30:00,ZONE_A,RED,True
2026-01-03 12:45:00,ZONE_A,RED,True
2026-01-03 13:00:00,ZONE_A,RED,True
2026-01-03 13:15:00,ZONE_A,RED,True
2026-01-03 13:30:00,ZONE_A,RED,True
2026-01-03 13:45:00,ZONE_A,RED,True
2026-01-03 14:00:00,ZONE_A,RED,True
2026-01-03 14:15:00,ZONE_A,RED,True
2026-01-03 14:30:00,ZONE_A,RED,True
2026-01-03 14:45:00,ZONE_A,RED,True
2026-01-03 15:00:00,ZONE_A,RED,True
2026-01-04 09:15:00,ZONE_A,GREEN,False
2026-01-04 10:15:00,ZONE_A,RED,True
2026-01-04 10:45:00,ZONE_A,RED,True
2026-01-04 11:00:00,ZONE_A,RED,True
2026-01-04 11:30:00,ZONE_A,RED,True
2026-01-04 12:30:00,ZONE_A,RED,True
2026-01-04 12:30:00,ZONE_A,RED,True
2026-01-04 13:15:00,ZONE_A,RED,True
2026-01-04 13:30:00,ZONE_A,RED,True
2026-01-04 13:45:00,ZONE_A,RED,True
2026-01-04 14:00:00,ZONE_A,RED,True
2026-01-04 14:15:00,ZONE_A,RED,True
2026-01-04 14:30:00,ZONE_A,RED,True
2026-01-04 15:00:00,ZONE_A,RED,True
2026-01-04 15:45:00,ZONE_A,RED,True
2026-01-04 16:00:00,ZONE_A,RED,True
2026-01-04 17:15:00,ZONE_A,RED,True
2026-01-04 17:45:00,ZONE_A,RED,True
2026-01-04 18:15:00,ZONE_A,RED,True
2026-01-04 18:30:00,ZONE_A,RED,True
2026-01-04 18:45:00,ZONE_A,RED,True
2026-01-04 19:00:00,ZONE_A,RED,True
2026-01-04 19:45:00,ZONE_A,RED,True
2026-01-04 20:00:00,ZONE_A,RED,True
2026-01-04 20:15:00,ZONE_A,RED,True
2026-01-04 20:30:00,ZONE_A,RED,True
2026-01-04 20:45:00,ZONE_A,RED,True
2026-01-04 22:15:00,ZONE_A,RED,True
2026-01-04 22:30:00,ZONE_A,GREEN,False
2026-01-04 22:45:00,ZONE_A,RED,True
2026-01-04 23:00:00,ZONE_A,GREEN,False
2026-01-04 23:15:00,ZONE_A,RED,True
2026-01-04 23:30:00,ZONE_A,RED,True
2026-01-04 23:45:00,ZONE_A,RED,True
2026-01-05 00:00:00,ZONE_A,RED,True
2026-01-05 00:15:00,ZONE_A,RED,True
2026-01-05 00:30:00,ZONE_A,RED,True
2026-01-05 00:45:00,ZONE_A,RED,True
2026-01-05 01:00:00,ZONE_A,RED,True
2026-01-05 01:15:00,ZONE_A,GREEN,False
2026-01-05 01:30:00,ZONE_A,RED,True
2026-01-05 01:45:00,ZONE_A,RED,True
2026-01-05 02:00:00,ZONE_A,RED,True
2026-01-05 02:15:00,ZONE_A,RED,True
2026-01-05 02:30:00,ZONE_A,RED,True
2026-01-05 02:45:00,ZONE_A,RED,True
2026-01-05 03:15:00,ZONE_A,RED,True
2026-01-05 03:30:00,ZONE_A,RED,True
2026-01-05 03:45:00,ZONE_A,RED,True
2026-01-05 04:00:00,ZONE_A,RED,True
2026-01-05 04:15:00,ZONE_A,RED,True
2026-01-05 04:30:00,ZONE_A,RED,True
2026-01-05 04:45:00,ZONE_A,RED,True
2026-01-05 05:00:00,ZONE_A,RED,True
2026-01-05 05:15:00,ZONE_A,RED,True
2026-01-05 06:00:00,ZONE_A,RED,True
2026-01-05 06:15:00,ZONE_A,RED,True
2026-01-05 07:30:00,ZONE_A,RED,True
2026-01-05 08:15:00,ZONE_A,RED,True
2026-01-05 09:30:00,ZONE_A,RED,True
2026-01-05 10:00:00,ZONE_A,RED,True
2026-01-05 10:15:00,ZONE_A,RED,True
2026-01-05 10:45:00,ZONE_A,RED,True
2026-01-05 11:00:00,ZONE_A,RED,True
2026-01-05 11:15:00,ZONE_A,RED,True
2026-01-05 11:30:00,ZONE_A,RED,True
2026-01-05 11:45:00,ZONE_A,RED,True
2026-01-05 11:45:00,ZONE_A,RED,True
2026-01-05 12:00:00,ZONE_A,RED,True
2026-01-05 12:15:00,ZONE_A,RED,True
2026-01-05 12:30:00,ZONE_A,RED,True
2026-01-05 12:45:00,ZONE_A,RED,True
2026-01-05 13:00:00,ZONE_A,RED,True
2026-01-05 13:00:00,ZONE_A,RED,True
2026-01-05 13:15:00,ZONE_A,RED,True
2026-01-05 13:30:00,ZONE_A,RED,True
2026-01-05 13:45:00,ZONE_A,RED,True
2026-01-05 14:00:00,ZONE_A,RED,True
2026-01-05 14:15:00,ZONE_A,RED,True
2026-01-05 14:30:00,ZONE_A,RED,True
2026-01-05 15:00:00,ZONE_A,RED,True
2026-01-05 15:15:00,ZONE_A,RED,True
2026-01-05 15:30:00,ZONE_A,RED,True
2026-01-05 15:45:00,ZONE_A,RED,True
2026-01-05 18:00:00,ZONE_A,RED,True
2026-01-05 18:15:00,ZONE_A,RED,True
2026-01-05 18:30:00,ZONE_A,RED,True
2026-01-05 18:45:00,ZONE_A,RED,True
2026-01-05 19:00:00,ZONE_A,RED,True
2026-01-05 19:15:00,ZONE_A,RED,True
2026-01-05 20:00:00,ZONE_A,RED,True
2026-01-05 20:15:00,ZONE_A,RED,True
2026-01-05 20:30:00,ZONE_A,RED,True
2026-01-05 20:45:00,ZONE_A,RED,True
2026-01-05 21:00:00,ZONE_A,RED,True
2026-01-05 21:15:00,ZONE_A,RED,True
2026-01-05 21:30:00,ZONE_A,RED,True
2026-01-05 21:45:00,ZONE_A,RED,True
2026-01-05 22:00:00,ZONE_A,RED,True
2026-01-05 22:30:00,ZONE_A,RED,True
2026-01-05 22:45:00,ZONE_A,RED,True
2026-01-05 23:15:00,ZONE_A,RED,True
2026-01-05 23:30:00,ZONE_A,RED,True
2026-01-05 23:45:00,ZONE_A,RED,True
2026-01-06 00:15:00,ZONE_A,RED,True
2026-01-06 00:30:00,ZONE_A,RED,True
2026-01-06 00:45:00,ZONE_A,RED,True
2026-01-06 01:00:00,ZONE_A,RED,True
2026-01-06 01:15:00,ZONE_A,RED,True
2026-01-06 01:15:00,ZONE_A,RED,True
2026-01-06 01:30:00,ZONE_A,RED,True
2026-01-06 01:45:00,ZONE_A,RED,True
2026-01-06 02:00:00,ZONE_A,RED,True
2026-01-06 02:15:00,ZONE_A,RED,True
2026-01-06 02:30:00,ZONE_A,RED,True
2026-01-06 02:45:00,ZONE_A,RED,True
2026-01-06 03:15:00,ZONE_A,RED,True
2026-01-06 03:30:00,ZONE_A,RED,True
2026-01-06 03:45:00,ZONE_A,RED,True
2026-01-06 04:00:00,ZONE_A,RED,True
2026-01-06 04:15:00,ZONE_A,RED,True
2026-01-06 04:30:00,ZONE_A,RED,True
2026-01-06 04:45:00,ZONE_A,RED,True
2026-01-06 05:00:00,ZONE_A,RED,True
2026-01-06 05:15:00,ZONE_A,RED,True
2026-01-06 05:30:00,ZONE_A,RED,True
2026-01-06 05:45:00,ZONE_A,RED,True
2026-01-06 06:15:00,ZONE_A,RED,True
2026-01-06 06:30:00,ZONE_A,RED,True
2026-01-06 06:45:00,ZONE_A,RED,True
2026-01-06 07:00:00,ZONE_A,RED,True
2026-01-06 07:30:00,ZONE_A,RED,True
2026-01-06 07:45:00,ZONE_A,RED,True
2026-01-06 08:00:00,ZONE_A,RED,True
2026-01-06 08:15:00,ZONE_A,RED,True
2026-01-06 08:30:00,ZONE_A,RED,True
2026-01-06 08:45:00,ZONE_A,RED,True
2026-01-06 09:00:00,ZONE_A,RED,True
2026-01-06 09:15:00,ZONE_A,RED,True
2026-01-06 09:15:00,ZONE_A,RED,True
2026-01-06 09:45:00,ZONE_A,RED,True
2026-01-06 09:45:00,ZONE_A,RED,True
2026-01-06 10:00:00,ZONE_A,RED,True
2026-01-06 10:15:00,ZONE_A,RED,True
2026-01-06 10:45:00,ZONE_A,RED,True
2026-01-06 10:45:00,ZONE_A,RED,True
2026-01-06 11:00:00,ZONE_A,RED,True
2026-01-06 11:15:00,ZONE_A,RED,True
2026-01-06 11:30:00,ZONE_A,RED,True
2026-01-06 11:45:00,ZONE_A,RED,True
2026-01-06 12:00:00,ZONE_A,RED,True
2026-01-06 12:15:00,ZONE_A,RED,True
2026-01-06 12:30:00,ZONE_A,RED,True
2026-01-06 12:45:00,ZONE_A,RED,True
2026-01-06 13:00:00,ZONE_A,RED,True
2026-01-06 13:15:00,ZONE_A,GREEN,False
2026-01-06 13:30:00,ZONE_A,RED,True
2026-01-06 13:45:00,ZONE_A,RED,True
2026-01-06 14:00:00,ZONE_A,RED,True
2026-01-06 14:15:00,ZONE_A,RED,True
2026-01-06 14:30:00,ZONE_A,RED,True
2026-01-06 14:45:00,ZONE_A,RED,True
2026-01-06 15:00:00,ZONE_A,RED,True
2026-01-06 15:15:00,ZONE_A,RED,True
2026-01-06 15:30:00,ZONE_A,RED,True
2026-01-06 15:30:00,ZONE_A,RED,True
2026-01-06 15:45:00,ZONE_A,RED,True
2026-01-06 16:00:00,ZONE_A,RED,True
2026-01-06 16:15:00,ZONE_A,RED,True
2026-01-06 16:30:00,ZONE_A,RED,True
2026-01-06 16:45:00,ZONE_A,RED,True
2026-01-06 17:30:00,ZONE_A,RED,True
2026-01-06 17:45:00,ZONE_A,RED,True
2026-01-06 18:00:00,ZONE_A,RED,True
2026-01-06 18:15:00,ZONE_A,RED,True
2026-01-06 18:30:00,ZONE_A,RED,True
2026-01-06 18:45:00,ZONE_A,RED,True
2026-01-06 19:00:00,ZONE_A,RED,True
2026-01-06 19:30:00,ZONE_A,RED,True
2026-01-06 19:45:00,ZONE_A,RED,True
2026-01-06 20:00:00,ZONE_A,RED,True
2026-01-06 20:15:00,ZONE_A,RED,True
2026-01-06 20:30:00,ZONE_A,RED,True
2026-01-06 20:45:00,ZONE_A,RED,True
2026-01-06 21:00:00,ZONE_A,RED,True
2026-01-06 21:15:00,ZONE_A,RED,True
2026-01-06 21:30:00,ZONE_A,RED,True
2026-01-06 21:45:00,ZONE_A,RED,True
2026-01-06 22:00:00,ZONE_A,RED,True
2026-01-06 22:15:00,ZONE_A,RED,True
2026-01-06 22:30:00,ZONE_A,RED,True
2026-01-06 23:00:00,ZONE_A,RED,True
2026-01-06 23:15:00,ZONE_A,RED,True
2026-01-06 23:30:00,ZONE_A,RED,True
2026-01-06 23:45:00,ZONE_A,RED,True
2026-01-07 00:00:00,ZONE_A,RED,True
2026-01-07 00:15:00,ZONE_A,RED,True
2026-01-07 00:45:00,ZONE_A,RED,True
2026-01-07 01:00:00,ZONE_A,RED,True
2026-01-07 01:15:00,ZONE_A,RED,True
2026-01-07 01:30:00,ZONE_A,RED,True
2026-01-07 01:45:00,ZONE_A,RED,True
2026-01-07 02:00:00,ZONE_A,RED,True
2026-01-07 02:00:00,ZONE_A,RED,True
2026-01-07 02:15:00,ZONE_A,RED,True
2026-01-07 02:30:00,ZONE_A,RED,True
2026-01-07 02:45:00,ZONE_A,RED,True
2026-01-07 03:00:00,ZONE_A,RED,True
2026-01-07 03:15:00,ZONE_A,RED,True
2026-01-07 03:30:00,ZONE_A,RED,True
2026-01-07 03:45:00,ZONE_A,RED,True
2026-01-07 04:00:00,ZONE_A,RED,True
2026-01-07 04:15:00,ZONE_A,RED,True
2026-01-07 04:30:00,ZONE_A,RED,True
2026-01-07 05:00:00,ZONE_A,RED,True
2026-01-07 05:45:00,ZONE_A,RED,True
2026-01-07 06:00:00,ZONE_A,RED,True
2026-01-07 06:15:00,ZONE_A,RED,True
2026-01-07 06:30:00,ZONE_A,RED,True
2026-01-07 06:45:00,ZONE_A,RED,True
2026-01-07 07:45:00,ZONE_A,RED,True
2026-01-07 08:00:00,ZONE_A,RED,True
2026-01-07 08:15:00,ZONE_A,RED,True
2026-01-07 08:30:00,ZONE_A,RED,True
2026-01-07 08:45:00,ZONE_A,RED,True
2026-01-07 09:00:00,ZONE_A,RED,True
2026-01-07 09:15:00,ZONE_A,RED,True
2026-01-07 09:30:00,ZONE_A,RED,True
2026-01-07 10:00:00,ZONE_A,RED,True
2026-01-07 10:15:00,ZONE_A,RED,True
2026-01-07 10:30:00,ZONE_A,RED,True
2026-01-07 11:30:00,ZONE_A,RED,True
2026-01-07 12:15:00,ZONE_A,RED,True
2026-01-07 12:30:00,ZONE_A,RED,True
2026-01-07 12:45:00,ZONE_A,RED,True
2026-01-07 13:15:00,ZONE_A,RED,True
2026-01-07 13:30:00,ZONE_A,RED,True
2026-01-07 13:45:00,ZONE_A,RED,True
2026-01-07 14:15:00,ZONE_A,RED,True
2026-01-07 14:30:00,ZONE_A,RED,True
2026-01-07 15:00:00,ZONE_A,RED,True
2026-01-07 15:15:00,ZONE_A,RED,True
2026-01-07 15:30:00,ZONE_A,RED,True
2026-01-07 15:45:00,ZONE_A,RED,True
2026-01-07 16:00:00,ZONE_A,RED,True
2026-01-07 17:00:00,ZONE_A,GREEN,False
2026-01-07 21:15:00,ZONE_A,GREEN,False
2026-01-07 21:45:00,ZONE_A,GREEN,False
2026-01-07 22:00:00,ZONE_A,GREEN,False
2026-01-07 22:15:00,ZONE_A,RED,True
2026-01-07 22:30:00,ZONE_A,RED,True
2026-01-07 22:45:00,ZONE_A,RED,True
2026-01-07 23:00:00,ZONE_A,RED,True
2026-01-07 23:15:00,ZONE_A,RED,True
2026-01-07 23:30:00,ZONE_A,RED,True
2026-01-07 23:45:00,ZONE_A,RED,True
2026-01-08 00:00:00,ZONE_A,RED,True
2026-01-08 00:15:00,ZONE_A,RED,True
2026-01-08 00:30:00,ZONE_A,GREEN,False
2026-01-08 00:45:00,ZONE_A,GREEN,False
2026-01-08 01:00:00,ZONE_A,GREEN,False
2026-01-08 01:15:00,ZONE_A,GREEN,False
2026-01-08 04:15:00,ZONE_A,GREEN,False
2026-01-08 05:00:00,ZONE_A,GREEN,False
2026-01-08 05:15:00,ZONE_A,GREEN,False
2026-01-08 05:30:00,ZONE_A,GREEN,False
2026-01-08 07:30:00,ZONE_A,RED,True
2026-01-08 07:45:00,ZONE_A,RED,True
2026-01-08 08:00:00,ZONE_A,RED,True
2026-01-08 08:00:00,ZONE_A,RED,True
2026-01-08 08:15:00,ZONE_A,RED,True
2026-01-08 08:30:00,ZONE_A,RED,True
2026-01-08 08:45:00,ZONE_A,RED,True
2026-01-08 08:45:00,ZONE_A,RED,True
2026-01-08 09:00:00,ZONE_A,RED,True
2026-01-08 09:15:00,ZONE_A,RED,True
2026-01-08 09:15:00,ZONE_A,RED,True
2026-01-08 09:30:00,ZONE_A,RED,True
2026-01-08 09:45:00,ZONE_A,RED,True
2026-01-08 09:45:00,ZONE_A,RED,True
2026-01-08 10:00:00,ZONE_A,RED,True
2026-01-08 10:00:00,ZONE_A,RED,True
2026-01-08 10:15:00,ZONE_A,RED,True
2026-01-08 10:15:00,ZONE_A,RED,True
2026-01-08 10:30:00,ZONE_A,RED,True
2026-01-08 10:30:00,ZONE_A,RED,True
2026-01-08 10:45:00,ZONE_A,RED,True
2026-01-08 10:45:00,ZONE_A,RED,True
2026-01-08 11:00:00,ZONE_A,RED,True
2026-01-08 11:00:00,ZONE_A,RED,True
2026-01-08 11:15:00,ZONE_A,RED,True
2026-01-08 11:15:00,ZONE_A,RED,True
2026-01-08 11:30:00,ZONE_A,RED,True
2026-01-08 11:45:00,ZONE_A,RED,True
2026-01-08 12:00:00,ZONE_A,RED,True
2026-01-08 12:15:00,ZONE_A,RED,True
2026-01-08 12:15:00,ZONE_A,RED,True
2026-01-08 12:30:00,ZONE_A,RED,True
2026-01-08 12:30:00,ZONE_A,RED,True
2026-01-08 12:45:00,ZONE_A,RED,True
2026-01-08 12:45:00,ZONE_A,RED,True
2026-01-08 13:00:00,ZONE_A,RED,True
2026-01-08 13:15:00,ZONE_A,RED,True
2026-01-08 13:15:00,ZONE_A,RED,True
2026-01-08 13:30:00,ZONE_A,RED,True
2026-01-08 13:45:00,ZONE_A,RED,True
2026-01-08 14:00:00,ZONE_A,RED,True
2026-01-08 14:15:00,ZONE_A,RED,True
2026-01-08 14:15:00,ZONE_A,RED,True
2026-01-08 14:30:00,ZONE_A,RED,True
2026-01-08 14:45:00,ZONE_A,RED,True
2026-01-08 15:00:00,ZONE_A,RED,True
2026-01-08 15:15:00,ZONE_A,RED,True
2026-01-08 15:30:00,ZONE_A,RED,True
2026-01-08 15:45:00,ZONE_A,RED,True
2026-01-08 16:00:00,ZONE_A,RED,True
2026-01-08 16:30:00,ZONE_A,GREEN,False
2026-01-08 18:45:00,ZONE_A,RED,True
2026-01-08 19:00:00,ZONE_A,GREEN,False
2026-01-08 19:30:00,ZONE_A,RED,True
2026-01-08 20:00:00,ZONE_A,RED,True
2026-01-08 20:15:00,ZONE_A,RED,True
2026-01-08 20:30:00,ZONE_A,RED,True
2026-01-08 20:45:00,ZONE_A,RED,True
2026-01-08 21:00:00,ZONE_A,RED,True
2026-01-08 21:30:00,ZONE_A,RED,True
2026-01-08 21:45:00,ZONE_A,RED,True
2026-01-08 22:00:00,ZONE_A,RED,True
2026-01-08 22:15:00,ZONE_A,RED,True
2026-01-08 22:30:00,ZONE_A,RED,True
2026-01-08 22:45:00,ZONE_A,RED,True
2026-01-08 23:00:00,ZONE_A,RED,True
2026-01-08 23:15:00,ZONE_A,RED,True
2026-01-08 23:30:00,ZONE_A,RED,True
2026-01-08 23:45:00,ZONE_A,RED,True
2026-01-09 00:00:00,ZONE_A,RED,True
2026-01-09 00:15:00,ZONE_A,RED,True
2026-01-09 00:30:00,ZONE_A,RED,True
2026-01-09 00:45:00,ZONE_A,RED,True
2026-01-09 01:00:00,ZONE_A,RED,True
2026-01-09 01:15:00,ZONE_A,RED,True
2026-01-09 01:30:00,ZONE_A,RED,True
2026-01-09 01:45:00,ZONE_A,RED,True
2026-01-09 02:00:00,ZONE_A,RED,True
2026-01-09 02:15:00,ZONE_A,RED,True
2026-01-09 02:30:00,ZONE_A,RED,True
2026-01-09 02:45:00,ZONE_A,RED,True
2026-01-09 03:00:00,ZONE_A,RED,True
2026-01-09 03:15:00,ZONE_A,RED,True
2026-01-09 03:30:00,ZONE_A,RED,True
2026-01-09 03:45:00,ZONE_A,RED,True
2026-01-09 04:00:00,ZONE_A,GREEN,False
2026-01-09 04:30:00,ZONE_A,RED,True
2026-01-09 04:45:00,ZONE_A,RED,True
2026-01-09 05:00:00,ZONE_A,RED,True
2026-01-09 05:15:00,ZONE_A,RED,True
2026-01-09 05:30:00,ZONE_A,RED,True
2026-01-09 05:45:00,ZONE_A,RED,True
2026-01-09 06:00:00,ZONE_A,RED,True
2026-01-09 06:15:00,ZONE_A,RED,True
2026-01-09 06:30:00,ZONE_A,RED,True
2026-01-09 06:45:00,ZONE_A,RED,True
2026-01-09 07:15:00,ZONE_A,RED,True
2026-01-09 07:30:00,ZONE_A,RED,True
2026-01-09 07:45:00,ZONE_A,RED,True
2026-01-09 08:00:00,ZONE_A,RED,True
2026-01-09 08:15:00,ZONE_A,RED,True
2026-01-09 08:30:00,ZONE_A,RED,True
2026-01-09 08:45:00,ZONE_A,RED,True
2026-01-09 09:00:00,ZONE_A,RED,True
2026-01-09 09:15:00,ZONE_A,RED,True
2026-01-09 09:30:00,ZONE_A,RED,True
2026-01-09 09:45:00,ZONE_A,RED,True
2026-01-09 09:45:00,ZONE_A,RED,True
2026-01-09 10:00:00,ZONE_A,RED,True
2026-01-09 10:15:00,ZONE_A,RED,True
2026-01-09 10:30:00,ZONE_A,RED,True
2026-01-09 10:45:00,ZONE_A,RED,True
2026-01-09 11:00:00,ZONE_A,RED,True
2026-01-09 11:00:00,ZONE_A,RED,True
2026-01-09 11:15:00,ZONE_A,RED,True
2026-01-09 11:30:00,ZONE_A,RED,True
2026-01-09 11:30:00,ZONE_A,RED,True
2026-01-09 11:45:00,ZONE_A,RED,True
2026-01-09 12:00:00,ZONE_A,RED,True
2026-01-09 12:00:00,ZONE_A,RED,True
2026-01-09 12:15:00,ZONE_A,RED,True
2026-01-09 12:15:00,ZONE_A,RED,True
2026-01-09 12:30:00,ZONE_A,RED,True
2026-01-09 12:30:00,ZONE_A,RED,True
2026-01-09 12:45:00,ZONE_A,RED,True
2026-01-09 13:00:00,ZONE_A,RED,True
2026-01-09 13:00:00,ZONE_A,RED,True
2026-01-09 13:15:00,ZONE_A,RED,True
2026-01-09 13:30:00,ZONE_A,RED,True
2026-01-09 13:30:00,ZONE_A,RED,True
2026-01-09 13:45:00,ZONE_A,RED,True
2026-01-09 13:45:00,ZONE_A,RED,True
2026-01-09 14:00:00,ZONE_A,RED,True
2026-01-09 14:15:00,ZONE_A,RED,True
2026-01-09 14:30:00,ZONE_A,RED,True
2026-01-09 14:45:00,ZONE_A,RED,True
2026-01-09 15:00:00,ZONE_A,RED,True
2026-01-09 15:15:00,ZONE_A,RED,True
2026-01-09 15:45:00,ZONE_A,GREEN,False
2026-01-09 16:15:00,ZONE_A,GREEN,False
2026-01-09 21:45:00,ZONE_A,GREEN,False
2026-01-09 22:00:00,ZONE_A,GREEN,False
2026-01-09 22:15:00,ZONE_A,RED,True
2026-01-09 22:30:00,ZONE_A,RED,True
2026-01-09 22:45:00,ZONE_A,RED,True
2026-01-09 23:00:00,ZONE_A,RED,True
2026-01-09 23:30:00,ZONE_A,RED,True
2026-01-09 23:45:00,ZONE_A,RED,True
2026-01-10 00:00:00,ZONE_A,RED,True
2026-01-10 00:15:00,ZONE_A,RED,True
2026-01-10 00:30:00,ZONE_A,RED,True
2026-01-10 00:45:00,ZONE_A,RED,True
2026-01-10 01:00:00,ZONE_A,RED,True
2026-01-10 01:15:00,ZONE_A,RED,True
2026-01-10 01:30:00,ZONE_A,RED,True
2026-01-10 01:45:00,ZONE_A,GREEN,False
2026-01-10 02:00:00,ZONE_A,RED,True
2026-01-10 02:15:00,ZONE_A,RED,True
2026-01-10 02:30:00,ZONE_A,RED,True
2026-01-10 02:45:00,ZONE_A,RED,True
2026-01-10 03:00:00,ZONE_A,RED,True
2026-01-10 03:15:00,ZONE_A,RED,True
2026-01-10 03:30:00,ZONE_A,RED,True
2026-01-10 03:45:00,ZONE_A,RED,True
2026-01-10 04:00:00,ZONE_A,RED,True
2026-01-10 04:15:00,ZONE_A,RED,True
2026-01-10 04:30:00,ZONE_A,RED,True
2026-01-10 04:45:00,ZONE_A,RED,True
2026-01-10 05:00:00,ZONE_A,RED,True
2026-01-10 05:15:00,ZONE_A,RED,True
2026-01-10 05:30:00,ZONE_A,RED,True
2026-01-10 06:00:00,ZONE_A,RED,True
2026-01-10 06:15:00,ZONE_A,RED,True
2026-01-10 06:30:00,ZONE_A,RED,True
2026-01-10 07:15:00,ZONE_A,RED,True
2026-01-10 07:30:00,ZONE_A,RED,True
2026-01-10 07:45:00,ZONE_A,RED,True
2026-01-10 08:00:00,ZONE_A,RED,True
2026-01-10 08:15:00,ZONE_A,RED,True
2026-01-10 08:30:00,ZONE_A,RED,True
2026-01-10 08:45:00,ZONE_A,RED,True
2026-01-10 09:00:00,ZONE_A,GREEN,False
2026-01-10 09:15:00,ZONE_A,GREEN,False
2026-01-10 09:30:00,ZONE_A,RED,True
2026-01-10 09:30:00,ZONE_A,RED,True
2026-01-10 09:45:00,ZONE_A,RED,True
2026-01-10 09:45:00,ZONE_A,RED,True
2026-01-10 10:00:00,ZONE_A,RED,True
2026-01-10 10:00:00,ZONE_A,RED,True
2026-01-10 10:15:00,ZONE_A,RED,True
2026-01-10 10:15:00,ZONE_A,RED,True
2026-01-10 10:30:00,ZONE_A,RED,True
2026-01-10 10:30:00,ZONE_A,RED,True
2026-01-10 10:45:00,ZONE_A,RED,True
2026-01-10 11:00:00,ZONE_A,RED,True
2026-01-10 11:00:00,ZONE_A,RED,True
2026-01-10 11:15:00,ZONE_A,RED,True
2026-01-10 11:15:00,ZONE_A,RED,True
2026-01-10 11:30:00,ZONE_A,RED,True
2026-01-10 11:30:00,ZONE_A,RED,True
2026-01-10 11:45:00,ZONE_A,RED,True
2026-01-10 12:00:00,ZONE_A,RED,True
2026-01-10 12:00:00,ZONE_A,RED,True
2026-01-10 12:15:00,ZONE_A,RED,True
2026-01-10 12:15:00,ZONE_A,RED,True
2026-01-10 12:30:00,ZONE_A,RED,True
2026-01-10 12:45:00,ZONE_A,RED,True
2026-01-10 12:45:00,ZONE_A,RED,True
2026-01-10 13:00:00,ZONE_A,RED,True
2026-01-10 13:00:00,ZONE_A,RED,True
2026-01-10 13:15:00,ZONE_A,RED,True
2026-01-10 13:30:00,ZONE_A,RED,True
2026-01-10 13:30:00,ZONE_A,RED,True
2026-01-10 13:45:00,ZONE_A,RED,True
2026-01-10 13:45:00,ZONE_A,RED,True
2026-01-10 14:00:00,ZONE_A,RED,True
2026-01-10 14:00:00,ZONE_A,RED,True
2026-01-10 14:15:00,ZONE_A,RED,True
2026-01-10 14:15:00,ZONE_A,RED,True
2026-01-10 14:30:00,ZONE_A,RED,True
2026-01-10 14:30:00,ZONE_A,RED,True
2026-01-10 14:45:00,ZONE_A,RED,True
2026-01-10 15:00:00,ZONE_A,RED,True
2026-01-10 15:15:00,ZONE_A,RED,True
2026-01-10 15:30:00,ZONE_A,RED,True
2026-01-10 15:45:00,ZONE_A,RED,True
2026-01-10 16:00:00,ZONE_A,RED,True
2026-01-10 16:15:00,ZONE_A,RED,True
2026-01-10 17:00:00,ZONE_A,RED,True
2026-01-10 17:15:00,ZONE_A,RED,True
2026-01-10 17:45:00,ZONE_A,RED,True
2026-01-10 18:00:00,ZONE_A,RED,True
2026-01-10 18:15:00,ZONE_A,RED,True
2026-01-10 18:30:00,ZONE_A,RED,True
2026-01-10 18:45:00,ZONE_A,GREEN,False
2026-01-10 19:00:00,ZONE_A,RED,True
2026-01-10 19:15:00,ZONE_A,RED,True
2026-01-10 19:45:00,ZONE_A,GREEN,False
2026-01-10 20:15:00,ZONE_A,GREEN,False
2026-01-10 20:30:00,ZONE_A,GREEN,False
2026-01-10 20:45:00,ZONE_A,RED,True
2026-01-10 21:00:00,ZONE_A,RED,True
2026-01-10 21:15:00,ZONE_A,RED,True
2026-01-10 21:30:00,ZONE_A,RED,True
2026-01-10 21:45:00,ZONE_A,RED,True
2026-01-10 22:00:00,ZONE_A,RED,True
2026-01-10 22:15:00,ZONE_A,RED,True
2026-01-10 22:30:00,ZONE_A,RED,True
2026-01-10 22:45:00,ZONE_A,RED,True
2026-01-10 23:00:00,ZONE_A,RED,True
2026-01-10 23:15:00,ZONE_A,RED,True
2026-01-10 23:30:00,ZONE_A,RED,True
2026-01-10 23:45:00,ZONE_A,RED,True
2026-01-11 00:00:00,ZONE_A,RED,True
2026-01-11 00:15:00,ZONE_A,RED,True
2026-01-11 00:30:00,ZONE_A,RED,True
2026-01-11 00:45:00,ZONE_A,RED,True
2026-01-11 01:00:00,ZONE_A,GREEN,False
2026-01-11 01:15:00,ZONE_A,RED,True
2026-01-11 01:30:00,ZONE_A,GREEN,False
2026-01-11 01:45:00,ZONE_A,RED,True
2026-01-11 02:00:00,ZONE_A,RED,True
2026-01-11 03:00:00,ZONE_A,GREEN,False
2026-01-11 03:30:00,ZONE_A,RED,True
2026-01-11 03:45:00,ZONE_A,GREEN,False
2026-01-11 04:00:00,ZONE_A,GREEN,False
2026-01-11 06:15:00,ZONE_A,RED,True
2026-01-11 06:30:00,ZONE_A,RED,True
2026-01-11 07:00:00,ZONE_A,RED,True
2026-01-11 07:15:00,ZONE_A,RED,True
2026-01-11 07:30:00,ZONE_A,RED,True
2026-01-11 07:45:00,ZONE_A,RED,True
2026-01-11 08:00:00,ZONE_A,RED,True
2026-01-11 08:15:00,ZONE_A,RED,True
2026-01-11 08:30:00,ZONE_A,RED,True
2026-01-11 08:30:00,ZONE_A,RED,True
2026-01-11 08:45:00,ZONE_A,RED,True
2026-01-11 09:00:00,ZONE_A,RED,True
2026-01-11 09:00:00,ZONE_A,RED,True
2026-01-11 09:15:00,ZONE_A,RED,True
2026-01-11 09:15:00,ZONE_A,RED,True
2026-01-11 09:30:00,ZONE_A,RED,True
2026-01-11 09:30:00,ZONE_A,RED,True
2026-01-11 09:45:00,ZONE_A,RED,True
2026-01-11 10:00:00,ZONE_A,RED,True
2026-01-11 10:15:00,ZONE_A,RED,True
2026-01-11 10:15:00,ZONE_A,RED,True
2026-01-11 10:30:00,ZONE_A,RED,True
2026-01-11 10:30:00,ZONE_A,RED,True
2026-01-11 10:45:00,ZONE_A,RED,True
2026-01-11 11:00:00,ZONE_A,RED,True
2026-01-11 11:00:00,ZONE_A,RED,True
2026-01-11 11:15:00,ZONE_A,RED,True
2026-01-11 11:15:00,ZONE_A,RED,True
2026-01-11 11:30:00,ZONE_A,RED,True
2026-01-11 11:45:00,ZONE_A,RED,True
2026-01-11 12:00:00,ZONE_A,RED,True
2026-01-11 12:15:00,ZONE_A,RED,True
2026-01-11 12:15:00,ZONE_A,RED,True
2026-01-11 12:30:00,ZONE_A,RED,True
2026-01-11 12:30:00,ZONE_A,RED,True
2026-01-11 12:45:00,ZONE_A,RED,True
2026-01-11 12:45:00,ZONE_A,RED,True
2026-01-11 13:00:00,ZONE_A,RED,True
2026-01-11 13:15:00,ZONE_A,RED,True
2026-01-11 13:15:00,ZONE_A,RED,True
2026-01-11 13:30:00,ZONE_A,RED,True
2026-01-11 13:45:00,ZONE_A,RED,True
2026-01-11 13:45:00,ZONE_A,RED,True
2026-01-11 14:00:00,ZONE_A,RED,True
2026-01-11 14:15:00,ZONE_A,RED,True
2026-01-11 14:15:00,ZONE_A,RED,True
2026-01-11 14:30:00,ZONE_A,RED,True
2026-01-11 14:30:00,ZONE_A,RED,True
2026-01-11 14:45:00,ZONE_A,RED,True
2026-01-11 14:45:00,ZONE_A,RED,True
2026-01-11 15:00:00,ZONE_A,RED,True
2026-01-11 15:15:00,ZONE_A,RED,True
2026-01-11 15:45:00,ZONE_A,RED,True
2026-01-11 16:00:00,ZONE_A,RED,True
2026-01-11 16:30:00,ZONE_A,RED,True
2026-01-11 17:15:00,ZONE_A,RED,True
2026-01-11 17:45:00,ZONE_A,RED,True
2026-01-11 18:15:00,ZONE_A,RED,True
2026-01-11 19:15:00,ZONE_A,RED,True
2026-01-11 19:30:00,ZONE_A,RED,True
2026-01-11 19:45:00,ZONE_A,RED,True
2026-01-11 20:00:00,ZONE_A,RED,True
2026-01-11 20:30:00,ZONE_A,RED,True
2026-01-11 20:45:00,ZONE_A,RED,True
2026-01-11 21:00:00,ZONE_A,GREEN,False
2026-01-11 21:30:00,ZONE_A,RED,True
2026-01-11 22:00:00,ZONE_A,RED,True
2026-01-11 22:15:00,ZONE_A,RED,True
2026-01-11 22:30:00,ZONE_A,RED,True
2026-01-11 22:45:00,ZONE_A,RED,True
2026-01-11 23:00:00,ZONE_A,RED,True
2026-01-11 23:15:00,ZONE_A,RED,True
2026-01-11 23:30:00,ZONE_A,RED,True
2026-01-12 00:00:00,ZONE_A,RED,True
2026-01-12 00:15:00,ZONE_A,RED,True
2026-01-12 00:30:00,ZONE_A,RED,True
2026-01-12 00:45:00,ZONE_A,RED,True
2026-01-12 01:30:00,ZONE_A,RED,True
2026-01-12 01:45:00,ZONE_A,RED,True
2026-01-12 02:00:00,ZONE_A,RED,True
2026-01-12 02:30:00,ZONE_A,RED,True
2026-01-12 02:45:00,ZONE_A,RED,True
2026-01-12 03:00:00,ZONE_A,RED,True
2026-01-12 03:15:00,ZONE_A,RED,True
2026-01-12 03:30:00,ZONE_A,RED,True
2026-01-12 03:45:00,ZONE_A,RED,True
2026-01-12 04:00:00,ZONE_A,RED,True
2026-01-12 04:15:00,ZONE_A,RED,True
2026-01-12 04:30:00,ZONE_A,RED,True
2026-01-12 04:45:00,ZONE_A,RED,True
2026-01-12 05:00:00,ZONE_A,RED,True
2026-01-12 05:15:00,ZONE_A,RED,True
2026-01-12 05:30:00,ZONE_A,RED,True
2026-01-12 05:45:00,ZONE_A,RED,True
2026-01-12 06:00:00,ZONE_A,RED,True
2026-01-12 06:15:00,ZONE_A,RED,True
2026-01-12 06:30:00,ZONE_A,RED,True
2026-01-12 07:00:00,ZONE_A,RED,True
2026-01-12 07:30:00,ZONE_A,RED,True
2026-01-12 07:45:00,ZONE_A,RED,True
2026-01-12 08:00:00,ZONE_A,RED,True
2026-01-12 08:15:00,ZONE_A,RED,True
2026-01-12 08:30:00,ZONE_A,RED,True
2026-01-12 08:45:00,ZONE_A,RED,True
2026-01-12 09:00:00,ZONE_A,RED,True
2026-01-12 09:00:00,ZONE_A,RED,True
2026-01-12 09:15:00,ZONE_A,RED,True
2026-01-12 09:30:00,ZONE_A,RED,True
2026-01-12 09:30:00,ZONE_A,RED,True
2026-01-12 09:45:00,ZONE_A,RED,True
2026-01-12 09:45:00,ZONE_A,RED,True
2026-01-12 10:00:00,ZONE_A,RED,True
2026-01-12 10:15:00,ZONE_A,RED,True
2026-01-12 10:30:00,ZONE_A,RED,True
2026-01-12 10:30:00,ZONE_A,RED,True
2026-01-12 10:45:00,ZONE_A,RED,True
2026-01-12 10:45:00,ZONE_A,RED,True
2026-01-12 11:00:00,ZONE_A,RED,True
2026-01-12 11:15:00,ZONE_A,RED,True
2026-01-12 11:30:00,ZONE_A,RED,True
2026-01-12 11:30:00,ZONE_A,RED,True
2026-01-12 11:45:00,ZONE_A,RED,True
2026-01-12 12:00:00,ZONE_A,RED,True
2026-01-12 12:00:00,ZONE_A,RED,True
2026-01-12 12:15:00,ZONE_A,RED,True
2026-01-12 12:15:00,ZONE_A,RED,True
2026-01-12 12:30:00,ZONE_A,RED,True
2026-01-12 12:30:00,ZONE_A,RED,True
2026-01-12 12:45:00,ZONE_A,RED,True
2026-01-12 12:45:00,ZONE_A,RED,True
2026-01-12 13:00:00,ZONE_A,RED,True
2026-01-12 13:00:00,ZONE_A,RED,True
2026-01-12 13:15:00,ZONE_A,RED,True
2026-01-12 13:30:00,ZONE_A,RED,True
2026-01-12 13:30:00,ZONE_A,RED,True
2026-01-12 13:45:00,ZONE_A,RED,True
2026-01-12 13:45:00,ZONE_A,RED,True
2026-01-12 14:00:00,ZONE_A,RED,True
2026-01-12 14:15:00,ZONE_A,RED,True
2026-01-12 14:30:00,ZONE_A,RED,True
2026-01-12 14:30:00,ZONE_A,RED,True
2026-01-12 14:45:00,ZONE_A,RED,True
2026-01-12 15:00:00,ZONE_A,RED,True
2026-01-12 15:15:00,ZONE_A,RED,True
2026-01-12 15:30:00,ZONE_A,RED,True
2026-01-12 15:45:00,ZONE_A,RED,True
2026-01-12 16:00:00,ZONE_A,RED,True
2026-01-12 16:15:00,ZONE_A,RED,True
2026-01-13 07:30:00,ZONE_A,GREEN,False
2026-01-13 07:45:00,ZONE_A,RED,True
2026-01-13 08:00:00,ZONE_A,RED,True
2026-01-13 08:15:00,ZONE_A,RED,True
2026-01-13 08:30:00,ZONE_A,RED,True
2026-01-13 08:30:00,ZONE_A,RED,True
2026-01-13 08:45:00,ZONE_A,RED,True
2026-01-13 08:45:00,ZONE_A,RED,True
2026-01-13 09:00:00,ZONE_A,RED,True
2026-01-13 09:15:00,ZONE_A,RED,True
2026-01-13 09:15:00,ZONE_A,RED,True
2026-01-13 09:30:00,ZONE_A,RED,True
2026-01-13 09:30:00,ZONE_A,RED,True
2026-01-13 09:45:00,ZONE_A,RED,True
2026-01-13 09:45:00,ZONE_A,RED,True
2026-01-13 10:00:00,ZONE_A,RED,True
2026-01-13 10:00:00,ZONE_A,RED,True
2026-01-13 10:15:00,ZONE_A,RED,True
2026-01-13 10:15:00,ZONE_A,RED,True
2026-01-13 10:30:00,ZONE_A,RED,True
2026-01-13 10:45:00,ZONE_A,RED,True
2026-01-13 10:45:00,ZONE_A,RED,True
2026-01-13 11:00:00,ZONE_A,RED,True
2026-01-13 11:00:00,ZONE_A,RED,True
2026-01-13 11:15:00,ZONE_A,RED,True
2026-01-13 11:15:00,ZONE_A,RED,True
2026-01-13 11:30:00,ZONE_A,RED,True
2026-01-13 11:30:00,ZONE_A,RED,True
2026-01-13 11:45:00,ZONE_A,RED,True
2026-01-13 12:00:00,ZONE_A,RED,True
2026-01-13 12:00:00,ZONE_A,RED,True
2026-01-13 12:15:00,ZONE_A,RED,True
2026-01-13 12:15:00,ZONE_A,RED,True
2026-01-13 12:30:00,ZONE_A,RED,True
2026-01-13 12:30:00,ZONE_A,RED,True
2026-01-13 12:45:00,ZONE_A,RED,True
2026-01-13 13:00:00,ZONE_A,RED,True
2026-01-13 13:15:00,ZONE_A,RED,True
2026-01-13 13:30:00,ZONE_A,RED,True
2026-01-13 13:30:00,ZONE_A,RED,True
2026-01-13 13:45:00,ZONE_A,RED,True
2026-01-13 13:45:00,ZONE_A,RED,True
2026-01-13 14:00:00,ZONE_A,RED,True
2026-01-13 14:15:00,ZONE_A,RED,True
2026-01-13 14:30:00,ZONE_A,RED,True
2026-01-13 14:45:00,ZONE_A,RED,True
2026-01-13 15:00:00,ZONE_A,RED,True
2026-01-13 15:15:00,ZONE_A,GREEN,False
2026-01-14 06:45:00,ZONE_A,GREEN,False
2026-01-14 07:45:00,ZONE_A,RED,True
2026-01-14 08:00:00,ZONE_A,RED,True
2026-01-14 08:15:00,ZONE_A,RED,True
2026-01-14 09:00:00,ZONE_A,RED,True
2026-01-14 09:15:00,ZONE_A,RED,True
2026-01-14 09:15:00,ZONE_A,RED,True
2026-01-14 09:30:00,ZONE_A,RED,True
2026-01-14 09:30:00,ZONE_A,RED,True
2026-01-14 09:45:00,ZONE_A,RED,True
2026-01-14 09:45:00,ZONE_A,RED,True
2026-01-14 10:00:00,ZONE_A,RED,True
2026-01-14 10:15:00,ZONE_A,RED,True
2026-01-14 10:30:00,ZONE_A,RED,True
2026-01-14 10:45:00,ZONE_A,RED,True
2026-01-14 11:00:00,ZONE_A,RED,True
2026-01-14 11:00:00,ZONE_A,RED,True
2026-01-14 11:15:00,ZONE_A,RED,True
2026-01-14 11:15:00,ZONE_A,RED,True
2026-01-14 11:30:00,ZONE_A,RED,True
2026-01-14 11:45:00,ZONE_A,RED,True
2026-01-14 11:45:00,ZONE_A,RED,True
2026-01-14 12:00:00,ZONE_A,RED,True
2026-01-14 12:00:00,ZONE_A,RED,True
2026-01-14 12:15:00,ZONE_A,RED,True
2026-01-14 12:30:00,ZONE_A,RED,True
2026-01-14 12:45:00,ZONE_A,RED,True
2026-01-14 13:00:00,ZONE_A,RED,True
2026-01-14 13:15:00,ZONE_A,RED,True
2026-01-14 13:30:00,ZONE_A,RED,True
2026-01-14 13:45:00,ZONE_A,RED,True
2026-01-14 14:00:00,ZONE_A,RED,True
2026-01-14 14:15:00,ZONE_A,RED,True
2026-01-14 14:30:00,ZONE_A,RED,True
2026-01-14 14:45:00,ZONE_A,GREEN,False
2026-01-14 21:15:00,ZONE_A,GREEN,False
2026-01-15 08:00:00,ZONE_A,GREEN,False
2026-01-15 08:15:00,ZONE_A,RED,True
2026-01-15 08:30:00,ZONE_A,GREEN,False
2026-01-15 08:45:00,ZONE_A,RED,True
2026-01-15 08:45:00,ZONE_A,RED,True
2026-01-15 09:00:00,ZONE_A,RED,True
2026-01-15 09:00:00,ZONE_A,RED,True
2026-01-15 09:15:00,ZONE_A,RED,True
2026-01-15 09:15:00,ZONE_A,RED,True
2026-01-15 09:30:00,ZONE_A,RED,True
2026-01-15 09:30:00,ZONE_A,RED,True
2026-01-15 09:45:00,ZONE_A,RED,True
2026-01-15 09:45:00,ZONE_A,RED,True
2026-01-15 10:00:00,ZONE_A,RED,True
2026-01-15 10:00:00,ZONE_A,RED,True
2026-01-15 10:15:00,ZONE_A,RED,True
2026-01-15 10:15:00,ZONE_A,RED,True
2026-01-15 10:30:00,ZONE_A,RED,True
2026-01-15 10:30:00,ZONE_A,RED,True
2026-01-15 10:45:00,ZONE_A,RED,True
2026-01-15 10:45:00,ZONE_A,RED,True
2026-01-15 11:00:00,ZONE_A,RED,True
2026-01-15 11:00:00,ZONE_A,RED,True
2026-01-15 11:15:00,ZONE_A,RED,True
2026-01-15 11:15:00,ZONE_A,RED,True
2026-01-15 11:30:00,ZONE_A,RED,True
2026-01-15 11:30:00,ZONE_A,RED,True
2026-01-15 11:45:00,ZONE_A,RED,True
2026-01-15 11:45:00,ZONE_A,RED,True
2026-01-15 12:00:00,ZONE_A,RED,True
2026-01-15 12:00:00,ZONE_A,RED,True
2026-01-15 12:15:00,ZONE_A,RED,True
2026-01-15 12:15:00,ZONE_A,RED,True
2026-01-15 12:30:00,ZONE_A,RED,True
2026-01-15 12:30:00,ZONE_A,RED,True
2026-01-15 12:45:00,ZONE_A,RED,True
2026-01-15 12:45:00,ZONE_A,RED,True
2026-01-15 13:00:00,ZONE_A,RED,True
2026-01-15 13:00:00,ZONE_A,RED,True
2026-01-15 13:15:00,ZONE_A,RED,True
2026-01-15 13:15:00,ZONE_A,RED,True
2026-01-15 13:30:00,ZONE_A,RED,True
2026-01-15 13:30:00,ZONE_A,RED,True
2026-01-15 13:45:00,ZONE_A,RED,True
2026-01-15 13:45:00,ZONE_A,RED,True
2026-01-15 14:00:00,ZONE_A,RED,True
2026-01-15 14:00:00,ZONE_A,RED,True
2026-01-15 14:15:00,ZONE_A,RED,True
2026-01-15 14:15:00,ZONE_A,RED,True
2026-01-15 14:30:00,ZONE_A,RED,True
2026-01-15 14:30:00,ZONE_A,RED,True
2026-01-15 14:45:00,ZONE_A,RED,True
2026-01-15 14:45:00,ZONE_A,RED,True
2026-01-15 15:00:00,ZONE_A,RED,True
2026-01-15 15:00:00,ZONE_A,RED,True
2026-01-15 15:15:00,ZONE_A,RED,True
2026-01-15 15:30:00,ZONE_A,RED,True
2026-01-15 15:45:00,ZONE_A,RED,True
2026-01-16 07:30:00,ZONE_A,GREEN,False
2026-01-16 07:45:00,ZONE_A,YELLOW,False
2026-01-16 08:00:00,ZONE_A,GREEN,False
2026-01-16 08:15:00,ZONE_A,GREEN,False
2026-01-16 08:30:00,ZONE_A,RED,True
2026-01-16 08:45:00,ZONE_A,RED,True
2026-01-16 09:00:00,ZONE_A,RED,True
2026-01-16 09:15:00,ZONE_A,RED,True
2026-01-16 09:15:00,ZONE_A,RED,True
2026-01-16 09:30:00,ZONE_A,RED,True
2026-01-16 09:30:00,ZONE_A,RED,True
2026-01-16 09:45:00,ZONE_A,RED,True
2026-01-16 09:45:00,ZONE_A,RED,True
2026-01-16 10:00:00,ZONE_A,RED,True
2026-01-16 10:00:00,ZONE_A,RED,True
2026-01-16 10:15:00,ZONE_A,RED,True
2026-01-16 10:15:00,ZONE_A,RED,True
2026-01-16 10:30:00,ZONE_A,RED,True
2026-01-16 10:30:00,ZONE_A,RED,True
2026-01-16 10:45:00,ZONE_A,RED,True
2026-01-16 10:45:00,ZONE_A,RED,True
2026-01-16 11:00:00,ZONE_A,RED,True
2026-01-16 11:00:00,ZONE_A,RED,True
2026-01-16 11:15:00,ZONE_A,RED,True
2026-01-16 11:30:00,ZONE_A,RED,True
2026-01-16 11:30:00,ZONE_A,RED,True
2026-01-16 11:45:00,ZONE_A,RED,True
2026-01-16 11:45:00,ZONE_A,RED,True
2026-01-16 12:00:00,ZONE_A,RED,True
2026-01-16 12:00:00,ZONE_A,RED,True
2026-01-16 12:15:00,ZONE_A,RED,True
2026-01-16 12:30:00,ZONE_A,RED,True
2026-01-16 12:45:00,ZONE_A,RED,True
2026-01-16 12:45:00,ZONE_A,RED,True
2026-01-16 13:00:00,ZONE_A,RED,True
2026-01-16 13:15:00,ZONE_A,RED,True
2026-01-16 13:15:00,ZONE_A,RED,True
2026-01-16 13:30:00,ZONE_A,RED,True
2026-01-16 13:30:00,ZONE_A,RED,True
2026-01-16 13:45:00,ZONE_A,RED,True
2026-01-16 14:00:00,ZONE_A,RED,True
2026-01-16 14:15:00,ZONE_A,RED,True
2026-01-16 14:30:00,ZONE_A,RED,True
2026-01-16 14:45:00,ZONE_A,GREEN,False
2026-01-16 15:30:00,ZONE_A,YELLOW,False
2026-01-17 07:00:00,ZONE_A,GREEN,False
2026-01-17 07:30:00,ZONE_A,RED,True
2026-01-17 08:00:00,ZONE_A,RED,True
2026-01-17 08:15:00,ZONE_A,RED,True
2026-01-17 08:30:00,ZONE_A,GREEN,False
2026-01-17 08:45:00,ZONE_A,GREEN,False
2026-01-17 09:00:00,ZONE_A,GREEN,False
2026-01-17 09:00:00,ZONE_A,GREEN,False
2026-01-17 09:15:00,ZONE_A,RED,True
2026-01-17 09:30:00,ZONE_A,RED,True
2026-01-17 09:45:00,ZONE_A,RED,True
2026-01-17 10:00:00,ZONE_A,GREEN,False
2026-01-17 10:15:00,ZONE_A,RED,True
2026-01-17 10:30:00,ZONE_A,RED,True
2026-01-17 10:45:00,ZONE_A,RED,True
2026-01-17 11:00:00,ZONE_A,RED,True
2026-01-17 11:00:00,ZONE_A,RED,True
2026-01-17 11:15:00,ZONE_A,RED,True
2026-01-17 11:30:00,ZONE_A,RED,True
2026-01-17 11:45:00,ZONE_A,RED,True
2026-01-17 11:45:00,ZONE_A,RED,True
2026-01-17 12:00:00,ZONE_A,RED,True
2026-01-17 12:00:00,ZONE_A,RED,True
2026-01-17 12:15:00,ZONE_A,RED,True
2026-01-17 12:15:00,ZONE_A,RED,True
2026-01-17 12:30:00,ZONE_A,RED,True
2026-01-17 12:30:00,ZONE_A,RED,True
2026-01-17 12:45:00,ZONE_A,RED,True
2026-01-17 12:45:00,ZONE_A,RED,True
2026-01-17 13:00:00,ZONE_A,RED,True
2026-01-17 13:00:00,ZONE_A,RED,True
2026-01-17 13:15:00,ZONE_A,RED,True
2026-01-17 13:30:00,ZONE_A,RED,True
2026-01-17 13:45:00,ZONE_A,RED,True
2026-01-17 14:00:00,ZONE_A,RED,True
2026-01-17 14:15:00,ZONE_A,RED,True
2026-01-17 14:30:00,ZONE_A,RED,True
2026-01-17 14:45:00,ZONE_A,GREEN,False
2026-01-17 15:00:00,ZONE_A,YELLOW,False
2026-01-18 08:15:00,ZONE_A,GREEN,False
2026-01-18 08:30:00,ZONE_A,RED,True
2026-01-18 08:45:00,ZONE_A,RED,True
2026-01-18 09:00:00,ZONE_A,RED,True
2026-01-18 09:15:00,ZONE_A,RED,True
2026-01-18 09:30:00,ZONE_A,GREEN,False
2026-01-18 09:30:00,ZONE_A,GREEN,False
2026-01-18 09:45:00,ZONE_A,RED,True
2026-01-18 09:45:00,ZONE_A,RED,True
2026-01-18 10:00:00,ZONE_A,RED,True
2026-01-18 10:15:00,ZONE_A,RED,True
2026-01-18 10:30:00,ZONE_A,RED,True
2026-01-18 10:30:00,ZONE_A,RED,True
2026-01-18 10:45:00,ZONE_A,RED,True
2026-01-18 10:45:00,ZONE_A,RED,True
2026-01-18 11:00:00,ZONE_A,RED,True
2026-01-18 11:15:00,ZONE_A,RED,True
2026-01-18 11:15:00,ZONE_A,RED,True
2026-01-18 11:30:00,ZONE_A,RED,True
2026-01-18 11:45:00,ZONE_A,RED,True
2026-01-18 12:00:00,ZONE_A,RED,True
2026-01-18 12:15:00,ZONE_A,RED,True
2026-01-18 12:30:00,ZONE_A,RED,True
2026-01-18 12:45:00,ZONE_A,RED,True
2026-01-18 13:00:00,ZONE_A,RED,True
2026-01-18 13:15:00,ZONE_A,RED,True
2026-01-18 13:30:00,ZONE_A,RED,True
2026-01-18 13:45:00,ZONE_A,RED,True
2026-01-18 14:00:00,ZONE_A,RED,True
2026-01-18 14:15:00,ZONE_A,RED,True
2026-01-18 14:30:00,ZONE_A,RED,True
2026-01-18 15:15:00,ZONE_A,RED,True
2026-01-18 15:30:00,ZONE_A,RED,True
2026-01-18 15:45:00,ZONE_A,RED,True
2026-01-19 07:30:00,ZONE_A,RED,True
2026-01-19 07:45:00,ZONE_A,RED,True
2026-01-19 08:00:00,ZONE_A,RED,True
2026-01-19 08:15:00,ZONE_A,RED,True
2026-01-19 08:30:00,ZONE_A,RED,True
2026-01-19 08:45:00,ZONE_A,RED,True
2026-01-19 09:00:00,ZONE_A,RED,True
2026-01-19 09:00:00,ZONE_A,RED,True
2026-01-19 09:15:00,ZONE_A,RED,True
2026-01-19 09:15:00,ZONE_A,RED,True
2026-01-19 09:30:00,ZONE_A,RED,True
2026-01-19 09:30:00,ZONE_A,RED,True
2026-01-19 09:45:00,ZONE_A,RED,True
2026-01-19 09:45:00,ZONE_A,RED,True
2026-01-19 10:00:00,ZONE_A,RED,True
2026-01-19 10:00:00,ZONE_A,RED,True
2026-01-19 10:15:00,ZONE_A,RED,True
2026-01-19 10:15:00,ZONE_A,RED,True
2026-01-19 10:30:00,ZONE_A,RED,True
2026-01-19 10:30:00,ZONE_A,RED,True
2026-01-19 10:45:00,ZONE_A,RED,True
2026-01-19 11:00:00,ZONE_A,RED,True
2026-01-19 11:00:00,ZONE_A,RED,True
2026-01-19 11:15:00,ZONE_A,RED,True
2026-01-19 11:15:00,ZONE_A,RED,True
2026-01-19 11:30:00,ZONE_A,RED,True
2026-01-19 11:30:00,ZONE_A,RED,True
2026-01-19 11:45:00,ZONE_A,RED,True
2026-01-19 12:00:00,ZONE_A,RED,True
2026-01-19 12:00:00,ZONE_A,RED,True
2026-01-19 12:15:00,ZONE_A,RED,True
2026-01-19 12:15:00,ZONE_A,RED,True
2026-01-19 12:30:00,ZONE_A,RED,True
2026-01-19 12:30:00,ZONE_A,RED,True
2026-01-19 12:45:00,ZONE_A,RED,True
2026-01-19 12:45:00,ZONE_A,RED,True
2026-01-19 13:00:00,ZONE_A,RED,True
2026-01-19 13:15:00,ZONE_A,RED,True
2026-01-19 13:30:00,ZONE_A,RED,True
2026-01-19 13:45:00,ZONE_A,RED,True
2026-01-19 14:00:00,ZONE_A,RED,True
2026-01-19 14:15:00,ZONE_A,RED,True
2026-01-19 14:15:00,ZONE_A,RED,True
2026-01-19 14:30:00,ZONE_A,RED,True
2026-01-19 14:45:00,ZONE_A,RED,True
2026-01-19 15:00:00,ZONE_A,RED,True
2026-01-19 15:15:00,ZONE_A,RED,True
2026-01-19 15:30:00,ZONE_A,RED,True
2026-01-19 15:45:00,ZONE_A,RED,True
2026-01-19 16:00:00,ZONE_A,RED,True
2026-01-19 16:15:00,ZONE_A,RED,True
2026-01-19 16:30:00,ZONE_A,RED,True
2026-01-19 19:30:00,ZONE_A,GREEN,False
2026-01-19 20:15:00,ZONE_A,GREEN,False
2026-01-19 20:30:00,ZONE_A,GREEN,False
2026-01-19 20:45:00,ZONE_A,GREEN,False
2026-01-19 21:15:00,ZONE_A,RED,True
2026-01-19 21:30:00,ZONE_A,RED,True
2026-01-19 21:45:00,ZONE_A,RED,True
2026-01-19 22:00:00,ZONE_A,RED,True
2026-01-19 22:15:00,ZONE_A,RED,True
2026-01-19 22:30:00,ZONE_A,GREEN,False
2026-01-19 22:45:00,ZONE_A,GREEN,False
2026-01-19 23:15:00,ZONE_A,GREEN,False
2026-01-20 00:00:00,ZONE_A,GREEN,False
2026-01-20 00:15:00,ZONE_A,RED,True
2026-01-20 00:30:00,ZONE_A,RED,True
2026-01-20 00:45:00,ZONE_A,RED,True
2026-01-20 01:00:00,ZONE_A,GREEN,False
2026-01-20 01:15:00,ZONE_A,RED,True
2026-01-20 01:30:00,ZONE_A,RED,True
2026-01-20 01:45:00,ZONE_A,GREEN,False
2026-01-20 02:30:00,ZONE_A,RED,True
2026-01-20 02:45:00,ZONE_A,RED,True
2026-01-20 03:00:00,ZONE_A,RED,True
2026-01-20 03:15:00,ZONE_A,RED,True
2026-01-20 03:30:00,ZONE_A,RED,True
2026-01-20 03:45:00,ZONE_A,RED,True
2026-01-20 04:00:00,ZONE_A,RED,True
2026-01-20 04:15:00,ZONE_A,RED,True
2026-01-20 04:30:00,ZONE_A,RED,True
2026-01-20 04:45:00,ZONE_A,RED,True
2026-01-20 05:00:00,ZONE_A,RED,True
2026-01-20 05:15:00,ZONE_A,RED,True
2026-01-20 05:30:00,ZONE_A,RED,True
2026-01-20 07:00:00,ZONE_A,GREEN,False
2026-01-20 07:15:00,ZONE_A,GREEN,False
2026-01-20 07:30:00,ZONE_A,RED,True
2026-01-20 07:45:00,ZONE_A,RED,True
2026-01-20 08:00:00,ZONE_A,RED,True
2026-01-20 08:00:00,ZONE_A,RED,True
2026-01-20 08:15:00,ZONE_A,RED,True
2026-01-20 08:30:00,ZONE_A,RED,True
2026-01-20 08:45:00,ZONE_A,RED,True
2026-01-20 09:00:00,ZONE_A,RED,True
2026-01-20 09:00:00,ZONE_A,RED,True
2026-01-20 09:15:00,ZONE_A,RED,True
2026-01-20 09:30:00,ZONE_A,RED,True
2026-01-20 09:30:00,ZONE_A,RED,True
2026-01-20 09:45:00,ZONE_A,RED,True
2026-01-20 09:45:00,ZONE_A,RED,True
2026-01-20 10:00:00,ZONE_A,RED,True
2026-01-20 10:00:00,ZONE_A,RED,True
2026-01-20 10:15:00,ZONE_A,RED,True
2026-01-20 10:30:00,ZONE_A,RED,True
2026-01-20 10:45:00,ZONE_A,RED,True
2026-01-20 11:00:00,ZONE_A,RED,True
2026-01-20 11:15:00,ZONE_A,RED,True
2026-01-20 11:15:00,ZONE_A,RED,True
2026-01-20 11:30:00,ZONE_A,RED,True
2026-01-20 11:30:00,ZONE_A,RED,True
2026-01-20 11:45:00,ZONE_A,RED,True
2026-01-20 12:00:00,ZONE_A,RED,True
2026-01-20 12:00:00,ZONE_A,RED,True
2026-01-20 12:15:00,ZONE_A,RED,True
2026-01-20 12:30:00,ZONE_A,RED,True
2026-01-20 12:30:00,ZONE_A,RED,True
2026-01-20 12:45:00,ZONE_A,RED,True
2026-01-20 12:45:00,ZONE_A,RED,True
2026-01-20 13:00:00,ZONE_A,RED,True
2026-01-20 13:00:00,ZONE_A,RED,True
2026-01-20 13:15:00,ZONE_A,RED,True
2026-01-20 13:30:00,ZONE_A,RED,True
2026-01-20 13:30:00,ZONE_A,RED,True
2026-01-20 13:45:00,ZONE_A,RED,True
2026-01-20 13:45:00,ZONE_A,RED,True
2026-01-20 14:00:00,ZONE_A,RED,True
2026-01-20 14:15:00,ZONE_A,RED,True
2026-01-20 14:15:00,ZONE_A,RED,True
2026-01-20 14:30:00,ZONE_A,RED,True
2026-01-20 14:30:00,ZONE_A,RED,True
2026-01-20 14:45:00,ZONE_A,RED,True
2026-01-20 14:45:00,ZONE_A,RED,True
2026-01-20 15:00:00,ZONE_A,RED,True
2026-01-20 15:15:00,ZONE_A,RED,True
2026-01-20 15:30:00,ZONE_A,RED,True
2026-01-20 15:45:00,ZONE_A,RED,True
2026-01-20 16:00:00,ZONE_A,RED,True
2026-01-21 07:15:00,ZONE_A,GREEN,False
2026-01-21 07:30:00,ZONE_A,GREEN,False
2026-01-21 07:45:00,ZONE_A,RED,True
2026-01-21 08:00:00,ZONE_A,RED,True
2026-01-21 08:15:00,ZONE_A,GREEN,False
2026-01-21 08:15:00,ZONE_A,GREEN,False
2026-01-21 08:30:00,ZONE_A,RED,True
2026-01-21 08:45:00,ZONE_A,RED,True
2026-01-21 08:45:00,ZONE_A,RED,True
2026-01-21 09:00:00,ZONE_A,RED,True
2026-01-21 09:15:00,ZONE_A,RED,True
2026-01-21 09:15:00,ZONE_A,RED,True
2026-01-21 09:30:00,ZONE_A,RED,True
2026-01-21 09:30:00,ZONE_A,RED,True
2026-01-21 09:45:00,ZONE_A,RED,True
2026-01-21 09:45:00,ZONE_A,RED,True
2026-01-21 10:00:00,ZONE_A,RED,True
2026-01-21 10:00:00,ZONE_A,RED,True
2026-01-21 10:15:00,ZONE_A,RED,True
2026-01-21 10:15:00,ZONE_A,RED,True
2026-01-21 10:30:00,ZONE_A,RED,True
2026-01-21 10:30:00,ZONE_A,RED,True
2026-01-21 10:45:00,ZONE_A,RED,True
2026-01-21 10:45:00,ZONE_A,RED,True
2026-01-21 11:00:00,ZONE_A,RED,True
2026-01-21 11:00:00,ZONE_A,RED,True
2026-01-21 11:15:00,ZONE_A,RED,True
2026-01-21 11:15:00,ZONE_A,RED,True
2026-01-21 11:30:00,ZONE_A,RED,True
2026-01-21 11:45:00,ZONE_A,RED,True
2026-01-21 11:45:00,ZONE_A,RED,True
2026-01-21 12:00:00,ZONE_A,RED,True
2026-01-21 12:15:00,ZONE_A,RED,True
2026-01-21 12:15:00,ZONE_A,RED,True
2026-01-21 12:30:00,ZONE_A,RED,True
2026-01-21 12:30:00,ZONE_A,RED,True
2026-01-21 12:45:00,ZONE_A,RED,True
2026-01-21 12:45:00,ZONE_A,RED,True
2026-01-21 13:00:00,ZONE_A,RED,True
2026-01-21 13:00:00,ZONE_A,RED,True
2026-01-21 13:15:00,ZONE_A,RED,True
2026-01-21 13:15:00,ZONE_A,RED,True
2026-01-21 13:30:00,ZONE_A,RED,True
2026-01-21 13:30:00,ZONE_A,RED,True
2026-01-21 13:45:00,ZONE_A,RED,True
2026-01-21 14:00:00,ZONE_A,RED,True
2026-01-21 14:15:00,ZONE_A,RED,True
2026-01-21 14:30:00,ZONE_A,RED,True
2026-01-21 14:45:00,ZONE_A,RED,True
2026-01-21 15:00:00,ZONE_A,RED,True
2026-01-21 15:15:00,ZONE_A,YELLOW,False
2026-01-21 15:30:00,ZONE_A,YELLOW,False
2026-01-22 09:00:00,ZONE_A,GREEN,False
2026-01-22 09:15:00,ZONE_A,GREEN,False
2026-01-22 09:30:00,ZONE_A,GREEN,False
2026-01-22 09:45:00,ZONE_A,GREEN,False
2026-01-22 10:00:00,ZONE_A,GREEN,False
2026-01-22 10:15:00,ZONE_A,RED,True
2026-01-22 10:30:00,ZONE_A,RED,True
2026-01-22 10:45:00,ZONE_A,RED,True
2026-01-22 11:00:00,ZONE_A,RED,True
2026-01-22 11:15:00,ZONE_A,RED,True
2026-01-22 11:30:00,ZONE_A,RED,True
2026-01-22 11:45:00,ZONE_A,RED,True
2026-01-22 12:00:00,ZONE_A,RED,True
2026-01-22 12:15:00,ZONE_A,GREEN,False
2026-01-22 12:30:00,ZONE_A,RED,True
2026-01-22 12:45:00,ZONE_A,GREEN,False
2026-01-22 13:00:00,ZONE_A,GREEN,False
2026-01-22 13:15:00,ZONE_A,RED,True
2026-01-22 13:30:00,ZONE_A,RED,True
2026-01-22 13:45:00,ZONE_A,RED,True
2026-01-22 14:00:00,ZONE_A,GREEN,False
2026-01-22 14:15:00,ZONE_A,GREEN,False
2026-01-22 14:45:00,ZONE_A,GREEN,False
2026-01-23 08:15:00,ZONE_A,GREEN,False
2026-01-23 08:30:00,ZONE_A,RED,True
2026-01-23 08:45:00,ZONE_A,GREEN,False
2026-01-23 09:00:00,ZONE_A,GREEN,False
2026-01-23 09:15:00,ZONE_A,RED,True
2026-01-23 09:30:00,ZONE_A,RED,True
2026-01-23 09:45:00,ZONE_A,RED,True
2026-01-23 10:00:00,ZONE_A,GREEN,False
2026-01-23 10:15:00,ZONE_A,RED,True
2026-01-23 10:30:00,ZONE_A,GREEN,False
2026-01-23 10:45:00,ZONE_A,RED,True
2026-01-23 11:00:00,ZONE_A,RED,True
2026-01-23 11:15:00,ZONE_A,RED,True
2026-01-23 11:30:00,ZONE_A,RED,True
2026-01-23 11:30:00,ZONE_A,RED,True
2026-01-23 11:45:00,ZONE_A,RED,True
2026-01-23 12:00:00,ZONE_A,RED,True
2026-01-23 12:15:00,ZONE_A,RED,True
2026-01-23 12:30:00,ZONE_A,RED,True
2026-01-23 12:30:00,ZONE_A,RED,True
2026-01-23 12:45:00,ZONE_A,RED,True
2026-01-23 13:00:00,ZONE_A,GREEN,False
2026-01-23 13:15:00,ZONE_A,GREEN,False
2026-01-23 13:30:00,ZONE_A,GREEN,False
2026-01-23 13:45:00,ZONE_A,GREEN,False
2026-01-23 14:00:00,ZONE_A,GREEN,False
2026-01-23 14:15:00,ZONE_A,YELLOW,False
2026-01-23 14:30:00,ZONE_A,GREEN,False
2026-01-24 10:00:00,ZONE_A,GREEN,False
2026-01-24 10:30:00,ZONE_A,GREEN,False
2026-01-24 11:00:00,ZONE_A,GREEN,False
2026-01-24 11:15:00,ZONE_A,GREEN,False
2026-01-24 11:30:00,ZONE_A,GREEN,False
2026-01-24 11:45:00,ZONE_A,GREEN,False
2026-01-24 12:00:00,ZONE_A,GREEN,False
2026-01-24 12:15:00,ZONE_A,GREEN,False
2026-01-24 12:30:00,ZONE_A,RED,True
2026-01-24 12:45:00,ZONE_A,GREEN,False
2026-01-24 13:00:00,ZONE_A,GREEN,False
2026-01-24 13:15:00,ZONE_A,GREEN,False
2026-01-24 13:30:00,ZONE_A,RED,True
2026-01-24 13:45:00,ZONE_A,RED,True
2026-01-24 14:00:00,ZONE_A,RED,True
2026-01-24 14:15:00,ZONE_A,RED,True
2026-01-24 14:30:00,ZONE_A,RED,True
2026-01-24 14:45:00,ZONE_A,RED,True
2026-01-24 15:00:00,ZONE_A,RED,True
2026-01-24 15:15:00,ZONE_A,GREEN,False
2026-01-24 15:30:00,ZONE_A,GREEN,False
2026-01-25 07:45:00,ZONE_A,RED,True
2026-01-25 08:00:00,ZONE_A,GREEN,False
2026-01-25 08:15:00,ZONE_A,GREEN,False
2026-01-25 08:30:00,ZONE_A,GREEN,False
2026-01-25 08:45:00,ZONE_A,RED,True
2026-01-25 09:00:00,ZONE_A,RED,True
2026-01-25 09:00:00,ZONE_A,RED,True
2026-01-25 09:15:00,ZONE_A,RED,True
2026-01-25 09:15:00,ZONE_A,RED,True
2026-01-25 09:30:00,ZONE_A,RED,True
2026-01-25 09:30:00,ZONE_A,RED,True
2026-01-25 09:45:00,ZONE_A,RED,True
2026-01-25 09:45:00,ZONE_A,RED,True
2026-01-25 10:00:00,ZONE_A,RED,True
2026-01-25 10:00:00,ZONE_A,RED,True
2026-01-25 10:15:00,ZONE_A,RED,True
2026-01-25 10:15:00,ZONE_A,RED,True
2026-01-25 10:30:00,ZONE_A,RED,True
2026-01-25 10:30:00,ZONE_A,RED,True
2026-01-25 10:45:00,ZONE_A,RED,True
2026-01-25 11:00:00,ZONE_A,RED,True
2026-01-25 11:15:00,ZONE_A,RED,True
2026-01-25 11:15:00,ZONE_A,RED,True
2026-01-25 11:30:00,ZONE_A,RED,True
2026-01-25 11:30:00,ZONE_A,RED,True
2026-01-25 11:45:00,ZONE_A,RED,True
2026-01-25 12:00:00,ZONE_A,RED,True
2026-01-25 12:00:00,ZONE_A,RED,True
2026-01-25 12:15:00,ZONE_A,RED,True
2026-01-25 12:15:00,ZONE_A,RED,True
2026-01-25 12:30:00,ZONE_A,RED,True
2026-01-25 12:30:00,ZONE_A,RED,True
2026-01-25 12:45:00,ZONE_A,RED,True
2026-01-25 12:45:00,ZONE_A,RED,True
2026-01-25 13:00:00,ZONE_A,RED,True
2026-01-25 13:00:00,ZONE_A,RED,True
2026-01-25 13:15:00,ZONE_A,RED,True
2026-01-25 13:15:00,ZONE_A,RED,True
2026-01-25 13:30:00,ZONE_A,RED,True
2026-01-25 13:30:00,ZONE_A,RED,True
2026-01-25 13:45:00,ZONE_A,RED,True
2026-01-25 13:45:00,ZONE_A,RED,True
2026-01-25 14:00:00,ZONE_A,RED,True
2026-01-25 14:15:00,ZONE_A,RED,True
2026-01-25 14:30:00,ZONE_A,RED,True
2026-01-25 14:45:00,ZONE_A,RED,True
2026-01-25 15:00:00,ZONE_A,RED,True
2026-01-25 15:15:00,ZONE_A,RED,True
2026-01-25 15:30:00,ZONE_A,RED,True
2026-01-25 15:45:00,ZONE_A,RED,True
2026-01-25 16:00:00,ZONE_A,GREEN,False
2026-01-26 07:30:00,ZONE_A,GREEN,False
2026-01-26 08:00:00,ZONE_A,GREEN,False
2026-01-26 08:15:00,ZONE_A,GREEN,False
2026-01-26 08:30:00,ZONE_A,GREEN,False
2026-01-26 08:45:00,ZONE_A,GREEN,False
2026-01-26 09:00:00,ZONE_A,RED,True
2026-01-26 09:15:00,ZONE_A,RED,True
2026-01-26 09:30:00,ZONE_A,GREEN,False
2026-01-26 09:45:00,ZONE_A,RED,True
2026-01-26 09:45:00,ZONE_A,RED,True
2026-01-26 10:00:00,ZONE_A,RED,True
2026-01-26 10:00:00,ZONE_A,RED,True
2026-01-26 10:15:00,ZONE_A,RED,True
2026-01-26 10:30:00,ZONE_A,RED,True
2026-01-26 10:45:00,ZONE_A,RED,True
2026-01-26 10:45:00,ZONE_A,RED,True
2026-01-26 11:00:00,ZONE_A,RED,True
2026-01-26 11:00:00,ZONE_A,RED,True
2026-01-26 11:15:00,ZONE_A,RED,True
2026-01-26 11:15:00,ZONE_A,RED,True
2026-01-26 11:30:00,ZONE_A,RED,True
2026-01-26 11:30:00,ZONE_A,RED,True
2026-01-26 11:45:00,ZONE_A,RED,True
2026-01-26 11:45:00,ZONE_A,RED,True
2026-01-26 12:00:00,ZONE_A,RED,True
2026-01-26 12:00:00,ZONE_A,RED,True
2026-01-26 12:15:00,ZONE_A,RED,True
2026-01-26 12:15:00,ZONE_A,RED,True
2026-01-26 12:30:00,ZONE_A,RED,True
2026-01-26 12:30:00,ZONE_A,RED,True
2026-01-26 12:45:00,ZONE_A,RED,True
2026-01-26 13:00:00,ZONE_A,RED,True
2026-01-26 13:00:00,ZONE_A,RED,True
2026-01-26 13:15:00,ZONE_A,RED,True
2026-01-26 13:15:00,ZONE_A,RED,True
2026-01-26 13:30:00,ZONE_A,RED,True
2026-01-26 13:30:00,ZONE_A,RED,True
2026-01-26 13:45:00,ZONE_A,RED,True
2026-01-26 13:45:00,ZONE_A,RED,True
2026-01-26 14:00:00,ZONE_A,RED,True
2026-01-26 14:15:00,ZONE_A,RED,True
2026-01-26 14:15:00,ZONE_A,RED,True
2026-01-26 14:30:00,ZONE_A,RED,True
2026-01-26 14:45:00,ZONE_A,RED,True
2026-01-26 15:00:00,ZONE_A,RED,True
2026-01-26 15:15:00,ZONE_A,RED,True
2026-01-26 15:30:00,ZONE_A,RED,True
2026-01-26 15:45:00,ZONE_A,GREEN,False
2026-01-26 16:00:00,ZONE_A,GREEN,False
2026-01-27 07:30:00,ZONE_A,GREEN,False
2026-01-27 08:00:00,ZONE_A,RED,True
2026-01-27 08:00:00,ZONE_A,RED,True
2026-01-27 08:15:00,ZONE_A,RED,True
2026-01-27 08:30:00,ZONE_A,RED,True
2026-01-27 08:45:00,ZONE_A,RED,True
2026-01-27 09:00:00,ZONE_A,RED,True
2026-01-27 09:00:00,ZONE_A,RED,True
2026-01-27 09:15:00,ZONE_A,RED,True
2026-01-27 09:30:00,ZONE_A,RED,True
2026-01-27 09:45:00,ZONE_A,RED,True
2026-01-27 10:00:00,ZONE_A,RED,True
2026-01-27 10:15:00,ZONE_A,RED,True
2026-01-27 10:30:00,ZONE_A,RED,True
2026-01-27 10:45:00,ZONE_A,RED,True
2026-01-27 11:00:00,ZONE_A,RED,True
2026-01-27 11:15:00,ZONE_A,RED,True
2026-01-27 11:30:00,ZONE_A,RED,True
2026-01-27 11:45:00,ZONE_A,RED,True
2026-01-27 12:00:00,ZONE_A,RED,True
2026-01-27 12:15:00,ZONE_A,RED,True
2026-01-27 12:30:00,ZONE_A,RED,True
2026-01-27 12:45:00,ZONE_A,RED,True
2026-01-27 13:00:00,ZONE_A,RED,True
2026-01-27 13:15:00,ZONE_A,RED,True
2026-01-27 13:30:00,ZONE_A,RED,True
2026-01-27 13:45:00,ZONE_A,GREEN,False
2026-01-27 14:15:00,ZONE_A,GREEN,False
2026-01-27 14:30:00,ZONE_A,GREEN,False
2026-01-28 09:45:00,ZONE_A,GREEN,False
2026-01-28 10:00:00,ZONE_A,GREEN,False
2026-01-28 10:15:00,ZONE_A,GREEN,False
2026-01-28 10:30:00,ZONE_A,GREEN,False
2026-01-28 10:45:00,ZONE_A,GREEN,False
2026-01-28 11:00:00,ZONE_A,GREEN,False
2026-01-28 11:15:00,ZONE_A,RED,True
2026-01-28 11:30:00,ZONE_A,GREEN,False
2026-01-28 11:45:00,ZONE_A,GREEN,False
2026-01-28 12:00:00,ZONE_A,GREEN,False
2026-01-28 12:15:00,ZONE_A,RED,True
2026-01-28 12:45:00,ZONE_A,GREEN,False
2026-01-28 13:00:00,ZONE_A,GREEN,False
2026-01-28 13:15:00,ZONE_A,GREEN,False
2026-01-28 13:30:00,ZONE_A,GREEN,False
2026-01-28 13:45:00,ZONE_A,GREEN,False
2026-01-29 07:30:00,ZONE_A,GREEN,False
2026-01-29 07:45:00,ZONE_A,RED,True
2026-01-29 08:00:00,ZONE_A,RED,True
2026-01-29 08:15:00,ZONE_A,RED,True
2026-01-29 08:30:00,ZONE_A,RED,True
2026-01-29 08:45:00,ZONE_A,RED,True
2026-01-29 09:15:00,ZONE_A,GREEN,False
2026-01-29 09:15:00,ZONE_A,GREEN,False
2026-01-29 09:30:00,ZONE_A,RED,True
2026-01-29 09:45:00,ZONE_A,RED,True
2026-01-29 10:00:00,ZONE_A,RED,True
2026-01-29 10:15:00,ZONE_A,RED,True
2026-01-29 10:30:00,ZONE_A,RED,True
2026-01-29 10:30:00,ZONE_A,RED,True
2026-01-29 10:45:00,ZONE_A,RED,True
2026-01-29 10:45:00,ZONE_A,RED,True
2026-01-29 11:00:00,ZONE_A,RED,True
2026-01-29 11:15:00,ZONE_A,RED,True
2026-01-29 11:30:00,ZONE_A,RED,True
2026-01-29 11:30:00,ZONE_A,RED,True
2026-01-29 11:45:00,ZONE_A,RED,True
2026-01-29 12:00:00,ZONE_A,RED,True
2026-01-29 12:15:00,ZONE_A,RED,True
2026-01-29 12:30:00,ZONE_A,RED,True
2026-01-29 12:45:00,ZONE_A,RED,True
2026-01-29 13:00:00,ZONE_A,RED,True
2026-01-29 13:15:00,ZONE_A,RED,True
2026-01-29 13:30:00,ZONE_A,GREEN,False
2026-01-29 13:45:00,ZONE_A,GREEN,False
2026-01-29 14:00:00,ZONE_A,GREEN,False
2026-01-29 14:15:00,ZONE_A,GREEN,False
2026-01-29 14:30:00,ZONE_A,GREEN,False
2026-01-29 14:45:00,ZONE_A,GREEN,False
2026-01-29 15:15:00,ZONE_A,GREEN,False
2026-01-30 09:45:00,ZONE_A,GREEN,False
2026-01-30 10:00:00,ZONE_A,GREEN,False
2026-01-30 10:15:00,ZONE_A,GREEN,False
2026-01-30 10:30:00,ZONE_A,GREEN,False
2026-01-30 10:45:00,ZONE_A,GREEN,False
2026-01-30 11:00:00,ZONE_A,GREEN,False
2026-01-30 11:15:00,ZONE_A,RED,True
2026-01-30 11:30:00,ZONE_A,GREEN,False
2026-01-30 11:45:00,ZONE_A,RED,True
2026-01-30 12:00:00,ZONE_A,GREEN,False
2026-01-30 12:15:00,ZONE_A,GREEN,False
2026-01-30 12:30:00,ZONE_A,RED,True
2026-01-30 12:45:00,ZONE_A,GREEN,False
2026-01-30 13:00:00,ZONE_A,GREEN,False
2026-01-30 13:15:00,ZONE_A,GREEN,False
2026-01-30 13:30:00,ZONE_A,GREEN,False
2026-01-30 13:45:00,ZONE_A,GREEN,False
2026-01-30 14:00:00,ZONE_A,GREEN,False
2026-01-30 14:15:00,ZONE_A,GREEN,False
